0_RfR 0,0_RfR 1,0_RfR 2,1_RfR 0,1_RfR 1,1_RfR 2,2_RfR 0,2_RfR 1,2_RfR 2,3_RfR 0,3_RfR 1,3_RfR 2,4_RfR 0,4_RfR 1,4_RfR 2,EWS_DaysToThreat,A.1_DikeIncrease 0,A.1_DikeIncrease 1,A.1_DikeIncrease 2,A.2_DikeIncrease 0,A.2_DikeIncrease 1,A.2_DikeIncrease 2,A.3_DikeIncrease 0,A.3_DikeIncrease 1,A.3_DikeIncrease 2,A.4_DikeIncrease 0,A.4_DikeIncrease 1,A.4_DikeIncrease 2,A.5_DikeIncrease 0,A.5_DikeIncrease 1,A.5_DikeIncrease 2,Expected Annual Damage,Dike Investment Costs,RfR Investment Costs,Evacuation Costs,Expected Number of Deaths
0,0,0,0,0,0,0,0,1,0,0,0,0,0,0,0,0,0,0,0,0,0,6,0,0,0,0,0,0,0,0,3513082741.1967263,31398797.71871161,30700000.0,0.0,1.9015892950628555
0,1,0,0,0,0,0,0,0,0,0,0,0,0,0,0,0,0,0,0,0,0,6,0,0,0,0,0,0,0,0,1609660276.3516665,31398797.71871161,84600000.0,0.0,1.5143107589213154
0,0,0,0,0,0,0,0,0,0,0,0,0,0,0,2,3,0,0,8,0,0,10,7,0,3,0,0,3,0,0,20883205.199431445,254476437.70433635,0.0,545.6706826435047,0.0043203347742419695
0,0,0,0,0,0,0,0,0,0,0,0,0,0,0,0,0,0,0,0,0,0,6,0,0,0,0,0,0,0,0,3665963086.157377,31398797.71871161,0.0,0.0,2.1079691365489723
0,0,0,0,0,0,1,0,0,0,0,0,0,0,0,0,2,0,0,0,0,0,6,0,0,0,0,0,0,0,0,784057780.768314,68654000.95581369,30700000.0,0.0,0.5657503822221387
0,0,0,0,0,0,0,0,1,0,0,0,0,0,0,0,2,0,0,0,0,0,7,0,0,0,0,0,0,0,0,753148999.2781936,71476764.97542462,30700000.0,0.0,0.5236883010277976
0,0,1,0,0,0,0,0,1,0,0,0,0,0,0,0,0,0,0,0,0,0,0,0,0,0,0,0,0,0,0,2913847177.3884153,0.0,115300000.0,0.0,3.3435902713430754
1,0,0,0,0,0,0,0,1,0,0,0,0,0,0,0,0,0,0,0,0,0,6,0,0,0,0,0,0,0,0,771666924.5330932,31398797.71871161,115300000.0,0.0,0.5562753655710133
0,0,0,0,0,0,1,0,1,0,0,0,0,0,0,0,3,0,0,0,0,0,6,0,0,0,0,0,0,0,0,504439533.00532186,73690303.3730879,61400000.0,0.0,0.3540965939927487
0,0,0,0,0,0,0,1,1,0,0,0,0,0,0,0,0,0,0,0,0,0,5,0,0,0,0,0,0,0,0,3427109725.40154,28798397.130608946,61400000.0,0.0,1.8425408380973138
0,0,0,0,0,0,0,0,0,0,0,0,0,0,0,0,3,0,0,3,0,0,9,0,0,0,0,0,0,0,0,143760862.53555012,130743256.58805355,0.0,0.0,0.11325645437138922
0,0,0,0,0,0,0,1,1,0,0,0,0,0,0,0,1,0,0,0,0,0,5,0,0,0,0,0,0,0,0,895581386.347379,61493298.22477088,61400000.0,0.0,0.5915152443759811
1,0,0,0,0,0,0,0,0,0,0,0,0,0,0,0,0,0,0,0,0,0,7,0,0,0,0,0,0,0,0,1064042832.8474662,34221561.73832255,84600000.0,0.0,0.7680290098807442
0,0,0,0,0,0,0,0,1,0,0,0,0,0,0,0,3,0,0,0,0,0,0,0,0,0,0,0,0,0,0,2877457863.417452,42291505.65437629,30700000.0,0.0,3.32458920242567
1,0,0,0,0,0,1,0,1,0,0,0,0,0,0,0,0,0,0,0,0,0,6,0,0,0,0,0,0,0,0,540828846.9762856,31398797.71871161,146000000.0,0.0,0.3730976629101541
0,0,0,0,0,0,0,0,1,0,0,0,0,0,0,0,1,0,0,0,0,0,7,0,0,0,0,0,0,0,0,1071531845.0007991,66916462.83248448,30700000.0,0.0,0.7007925370239023
1,0,0,0,0,0,1,0,1,0,0,0,0,0,0,0,0,0,0,0,0,0,5,0,0,0,0,0,0,0,0,565739218.4414076,28798397.130608946,146000000.0,0.0,0.40557166911089737
0,0,0,0,0,0,0,0,1,0,0,0,0,0,0,0,3,0,0,0,0,0,6,0,0,0,0,0,0,0,0,735277610.5621294,73690303.3730879,30700000.0,0.0,0.5372742966536079
0,0,0,0,0,0,0,0,0,0,0,0,0,0,0,0,1,0,0,0,0,0,7,0,0,0,0,0,0,0,0,1394955418.7984483,66916462.83248448,0.0,0.0,0.9547030367479992
0,0,0,0,0,0,1,0,0,0,0,0,0,0,0,0,2,0,0,1,0,0,6,0,0,0,0,0,0,0,0,481553844.5737902,106899122.90757775,30700000.0,0.0,0.40702804439760726
0,0,0,0,0,0,0,0,1,0,0,0,0,0,0,0,2,0,0,3,0,0,9,0,0,0,0,0,0,0,0,129910766.52162105,125706954.17077935,30700000.0,0.0,0.08990797176856274
0,0,0,0,0,0,1,1,0,0,0,0,0,0,0,0,3,0,0,2,0,0,6,0,0,0,0,0,0,0,0,154127955.33838445,116508719.0445857,61400000.0,0.0,0.12794368184753976
0,0,0,0,0,0,0,0,0,0,0,0,0,0,0,0,0,0,0,0,0,0,7,0,0,0,0,0,0,0,0,3520595238.9815817,34221561.73832255,0.0,0.0,1.9091572720208236
0,0,0,0,0,0,0,0,0,0,0,0,0,0,0,0,1,0,0,0,0,0,8,0,0,0,0,0,0,0,0,1357816108.3347282,69979938.99472135,0.0,0.0,0.9023730094527902
0,0,0,0,0,0,0,0,0,0,0,0,0,0,0,0,3,0,0,0,0,0,8,0,0,0,0,0,0,0,0,990514208.4127822,79576543.55493572,0.0,0.0,0.6966979136681297
1,0,0,0,0,0,0,0,0,0,0,0,0,0,0,0,0,0,0,3,0,0,9,0,0,0,0,0,0,0,0,180150176.5065139,88451750.93367727,84600000.0,0.0,0.13225752328879464
0,0,0,0,0,0,1,0,0,0,0,0,0,0,0,0,3,0,0,3,0,0,8,0,0,0,0,0,0,0,0,97886667.0531858,127419243.11803582,30700000.0,0.0,0.08565808042415932
0,0,0,0,0,0,0,0,1,0,0,0,0,0,0,0,3,0,0,3,0,0,9,0,0,0,0,0,0,0,0,81130596.31543654,130743256.58805355,30700000.0,0.0,0.06143188620003187
0,0,0,0,0,0,1,0,1,0,0,0,0,0,0,0,3,0,0,7,0,0,10,0,0,0,0,0,0,0,0,19126475.120284043,159821976.29490677,61400000.0,0.0,0.008537067391685648
0,0,0,0,0,0,0,0,1,0,0,0,0,0,0,0,1,0,0,0,0,0,5,0,0,0,0,0,0,0,0,1898009189.1492472,61493298.22477088,30700000.0,0.0,1.781981459454244
1,0,0,0,0,0,0,0,1,0,0,0,0,0,0,0,0,0,0,0,0,0,5,0,0,0,0,0,0,0,0,1567235487.191421,28798397.130608946,115300000.0,0.0,1.595402206807014
0,0,0,0,0,0,1,0,1,0,0,0,0,0,0,0,3,0,0,3,0,0,8,0,0,0,0,0,0,0,0,65205375.44466816,127419243.11803582,61400000.0,0.0,0.04568293407554179
0,1,0,0,0,0,0,0,1,0,0,0,0,0,0,0,0,0,0,3,0,0,7,0,0,0,0,0,0,0,0,185612628.599091,82064261.30142266,115300000.0,0.0,0.17783270624555428
0,0,0,0,0,0,1,0,1,0,0,0,0,0,0,0,0,0,0,0,0,0,0,0,0,0,0,0,0,0,0,5589403654.916032,0.0,61400000.0,0.0,4.649657742780525
0,0,0,0,0,0,0,0,1,0,0,0,0,0,0,0,0,0,0,0,0,0,4,0,0,0,0,0,0,0,0,4442983945.343211,26403379.542306438,30700000.0,0.0,3.110036461421639
0,0,0,0,0,0,0,0,0,0,0,0,0,0,0,0,0,0,0,0,0,0,5,0,0,0,0,0,0,0,0,4829515252.427215,28798397.130608946,0.0,0.0,3.6361324361088627
0,0,1,0,0,0,1,0,1,0,0,0,0,0,0,0,0,0,0,0,0,0,4,0,0,0,0,0,0,0,0,1575501101.7786078,26403379.542306438,146000000.0,0.0,1.7164571198493435
0,0,0,0,0,0,0,0,0,0,0,0,0,0,0,0,2,0,0,0,0,0,7,0,0,0,0,0,0,0,0,1076433689.082687,71476764.97542462,0.0,0.0,0.7775040265318696
0,0,0,0,0,0,1,0,0,0,0,0,0,0,0,0,1,0,0,0,0,0,6,0,0,0,0,0,0,0,0,1102440626.4909196,64093698.81287354,30700000.0,0.0,0.7428546182182434
0,0,1,0,0,0,1,0,0,0,0,0,0,0,0,0,0,0,0,4,0,0,9,0,0,0,0,0,0,0,0,109886306.61138226,93967624.97078806,115300000.0,0.0,0.08321355497304228
0,1,0,0,0,0,1,0,1,0,0,0,0,0,0,0,1,0,0,0,0,0,5,0,0,0,0,0,0,0,0,529349904.4704439,61493298.22477088,146000000.0,0.0,0.38657060019349193
0,0,0,0,0,0,1,1,0,0,0,0,0,0,0,0,1,0,0,0,0,0,4,0,0,0,0,0,0,0,0,1905343269.6845794,59098280.63646837,61400000.0,0.0,1.9024006951144272
0,0,0,0,0,0,1,0,1,0,0,0,0,0,0,0,1,0,0,0,0,0,6,0,0,0,0,0,0,0,0,870671014.882257,64093698.81287354,61400000.0,0.0,0.5590412381752379
1,0,0,0,0,0,1,0,0,0,0,0,0,0,0,0,0,0,0,0,0,0,7,0,0,0,0,0,0,0,0,740758143.0429728,34221561.73832255,115300000.0,0.0,0.5142132843766722
0,0,0,0,0,0,1,1,0,0,0,0,0,0,0,0,2,0,0,1,0,0,6,0,0,0,0,0,0,0,0,370702536.6136344,106899122.90757775,61400000.0,0.0,0.2596084017362963
0,0,0,0,0,0,1,0,1,0,0,0,0,0,0,0,3,0,0,4,0,0,9,0,0,0,0,0,0,0,0,47923386.41059976,136259130.62516436,61400000.0,0.0,0.030924635326152417
0,0,0,0,0,0,0,0,1,0,0,0,0,0,0,0,0,0,0,0,0,0,0,0,0,0,0,0,0,0,0,5676997222.5337925,0.0,30700000.0,0.0,4.712047864091118
1,0,0,0,0,0,0,0,0,0,0,0,0,0,0,0,0,0,0,4,0,0,9,0,0,0,0,0,0,0,0,172875963.29883274,93967624.97078806,84600000.0,0.0,0.16941927057808287
0,1,0,0,0,0,1,1,0,0,0,0,0,0,0,0,0,0,0,3,0,0,8,0,0,1,0,0,0,0,0,89720936.2896508,91448537.77332577,146000000.0,0.0,0.059705682864053186
1,0,1,0,0,0,1,0,1,0,0,0,0,0,0,0,0,0,0,4,0,0,9,0,0,0,0,0,0,0,0,47923386.41059976,93967624.97078806,230600000.0,0.0,0.030924635326152417
0,0,1,0,0,0,1,0,1,0,0,0,0,0,0,0,0,0,0,3,0,0,8,0,0,0,0,0,0,0,0,101594689.41563192,85127737.46365952,146000000.0,0.0,0.06468400299294724
0,1,0,0,0,0,1,0,0,0,0,0,0,0,0,0,0,0,0,3,0,0,9,0,0,0,0,0,0,0,0,117519910.2864003,88451750.93367727,115300000.0,0.0,0.08043295511743731
1,0,0,0,0,0,0,1,1,0,0,0,0,0,0,0,0,0,0,0,0,0,0,0,0,0,0,0,0,0,0,2703299582.6451054,0.0,146000000.0,0.0,3.180579151319521
1,0,0,0,0,0,0,0,1,0,0,0,0,0,0,0,0,0,0,4,0,0,10,0,0,0,0,0,0,0,0,90651101.22839716,97573593.96979272,115300000.0,0.0,0.05508929033301085
1,0,0,0,0,0,1,0,0,0,0,0,0,0,0,0,0,0,0,3,0,0,8,0,0,0,0,0,0,0,0,134275981.02414957,85127737.46365952,115300000.0,0.0,0.10465914934156476
0,0,0,0,0,0,0,0,1,0,0,0,0,0,0,0,2,0,0,0,0,0,0,0,0,0,0,0,0,0,0,2926238033.6236362,37255203.23710208,30700000.0,0.0,3.353065287994201
1,0,0,0,0,0,0,0,0,0,0,0,0,0,0,0,0,0,0,3,0,0,10,0,0,0,0,0,0,0,0,174609784.8136753,92057719.93268193,84600000.0,0.0,0.12415123200290024
1,0,0,0,0,0,1,1,1,0,0,0,0,0,0,0,0,0,0,0,0,0,4,0,0,0,0,0,0,0,0,360816447.4051885,26403379.542306438,176700000.0,0.0,0.2563076069749548
1,0,1,0,0,0,0,1,1,0,0,0,0,0,0,0,0,0,0,6,0,0,10,0,0,0,0,0,0,0,0,22073580.126670975,110260123.8096867,230600000.0,0.0,0.010889597299747108
0,0,0,0,0,0,1,0,1,0,0,0,0,0,0,0,0,0,0,0,0,0,3,0,0,0,0,0,0,0,0,4355390377.7254505,24198032.45136138,61400000.0,0.0,3.0476463401110463
0,0,1,0,0,0,1,1,1,0,0,0,0,0,0,1,1,0,0,3,0,0,8,0,0,1,0,0,0,0,0,36636354.77756366,124143438.86748771,176700000.0,791.4393492174095,0.00991643873624721
0,0,0,0,0,0,0,0,0,0,0,0,0,0,0,0,2,0,0,4,0,0,10,0,0,0,0,0,0,0,0,120964739.98660167,134828797.2068948,0.0,0.0,0.08453688432516376
0,0,0,0,0,0,1,1,1,0,0,0,0,0,0,0,3,0,0,3,0,0,8,0,0,0,0,0,0,0,0,53329616.705744274,127419243.11803582,92100000.0,0.0,0.03467687765958732
0,0,0,0,0,0,0,0,0,0,0,0,0,0,0,0,3,0,0,3,0,0,8,0,0,0,0,0,0,0,0,171951503.64404783,127419243.11803582,0.0,0.0,0.15402006286145048
0,0,0,0,0,0,0,1,1,0,0,0,0,0,0,0,2,0,0,3,0,0,8,0,0,0,0,0,0,0,0,113985545.65085267,122382940.70076162,61400000.0,0.0,0.07415901964407266
0,0,0,0,0,0,0,0,0,0,0,0,0,0,0,1,3,0,0,7,0,0,10,3,0,0,0,0,0,0,0,42786831.36514692,193683227.42773807,0.0,885.509797473539,0.014271206633410688
0,0,0,0,0,0,0,0,1,0,0,0,0,0,0,0,1,0,0,0,0,0,0,0,0,0,0,0,0,0,0,3244620879.346242,32694901.094161935,30700000.0,0.0,3.5301695239903053
0,0,1,0,0,0,1,1,0,0,0,0,0,0,0,0,0,0,0,2,0,0,6,0,0,0,0,0,0,0,0,190517269.30934823,74217213.3902094,146000000.0,0.0,0.1469447507649452
0,0,0,0,0,0,1,0,1,0,0,0,0,0,0,0,2,0,0,0,0,0,5,0,0,0,0,0,0,0,0,578130074.6766284,66053600.36771102,61400000.0,0.0,0.4150466857620228
0,1,1,0,0,0,1,1,1,0,0,0,0,0,0,0,0,0,0,3,0,0,7,0,0,0,0,0,0,0,0,61085062.50434935,82064261.30142266,261300000.0,0.0,0.04560099921208776
0,0,0,0,0,0,0,0,1,0,0,0,0,0,0,0,3,0,0,0,0,0,7,0,0,0,0,0,0,0,0,704368829.072009,76513067.39269884,30700000.0,0.0,0.49521221545926686
0,0,0,0,0,0,0,0,0,0,0,0,0,0,0,0,1,0,0,0,0,0,6,0,0,0,0,0,0,0,0,1940572862.3026485,64093698.81287354,0.0,0.0,1.7009847857885703
0,0,0,0,0,0,0,0,0,0,0,0,0,0,0,0,2,0,0,3,0,0,8,0,0,0,0,0,0,0,0,220731673.85023236,122382940.70076162,0.0,0.0,0.18249614842998135
0,0,1,0,0,0,1,0,0,0,0,0,0,0,0,0,0,0,0,6,0,0,10,0,0,0,0,0,0,0,0,55301585.266866,110260123.8096867,115300000.0,0.0,0.027551317354683087
0,0,0,0,0,0,0,1,1,0,0,0,0,0,0,0,1,0,0,0,0,0,0,0,0,0,0,0,0,0,0,3033141750.551077,32694901.094161935,61400000.0,0.0,3.3665227265846047
0,0,0,0,0,0,1,0,1,0,0,0,0,0,0,0,3,0,0,0,0,0,0,0,0,0,0,0,0,0,0,2666910268.674142,42291505.65437629,61400000.0,0.0,3.1615780824021154
1,0,0,0,0,0,1,1,1,0,0,0,0,0,0,0,0,0,0,2,0,0,6,0,0,0,0,0,0,0,0,124800411.39805429,74217213.3902094,176700000.0,0.0,0.09061463432885314
1,0,0,0,0,0,1,1,1,0,0,0,0,0,0,0,0,0,0,0,0,0,0,0,0,0,0,0,0,0,0,2509456007.685898,0.0,176700000.0,0.0,3.045698239491484
0,0,0,0,0,0,1,0,0,0,0,0,0,0,0,0,2,0,0,3,0,0,7,0,0,0,0,0,0,0,0,198003484.83431175,119319464.53852475,30700000.0,0.0,0.1873077228966797
0,1,1,0,0,0,1,1,1,0,0,0,0,0,0,0,0,0,0,0,0,0,5,0,0,0,0,0,0,0,0,310772764.2004423,28798397.130608946,261300000.0,0.0,0.21958026589086774
0,0,0,0,0,0,1,1,1,0,0,0,0,0,0,0,2,0,0,0,0,0,5,0,0,0,0,0,0,0,0,359552934.40662676,66053600.36771102,92100000.0,0.0,0.24805635145939867
0,0,0,0,0,0,1,0,1,0,0,0,0,0,0,0,2,0,0,2,0,0,6,0,0,0,0,0,0,0,0,202908125.544569,111472416.6273115,61400000.0,0.0,0.15641976741607064
0,0,1,0,0,0,1,1,1,0,0,0,0,0,0,0,1,0,0,0,0,0,5,0,0,0,0,0,0,0,0,310772764.2004423,61493298.22477088,176700000.0,0.0,0.21958026589086774
0,0,0,0,0,0,0,0,0,0,0,0,0,0,0,0,0,0,0,0,0,0,0,0,0,0,0,0,0,0,0,5719178012.226479,0.0,0.0,0.0,4.791103709168109
0,0,1,0,0,0,1,1,1,0,0,0,0,0,0,0,0,0,0,3,0,0,7,0,0,0,0,0,0,0,0,97474376.47531314,82064261.30142266,176700000.0,0.0,0.0646020681294932
0,0,1,0,0,0,1,1,1,0,0,0,0,0,0,0,0,0,0,0,0,0,2,0,0,0,0,0,0,0,0,2165105490.294581,22167818.198803753,176700000.0,0.0,2.598658109881252
0,0,0,0,0,0,1,1,1,0,0,0,0,0,0,0,1,0,0,0,0,0,4,0,0,0,0,0,0,0,0,689824386.0287409,59098280.63646837,92100000.0,0.0,0.44168190548058783
0,0,0,0,0,0,1,1,1,0,0,0,0,0,0,0,3,0,0,0,0,0,5,0,0,0,0,0,0,0,0,310772764.2004423,71089902.78498524,92100000.0,0.0,0.21958026589086774
1,0,1,0,0,0,1,0,1,0,0,0,0,0,0,1,0,0,0,6,0,0,10,0,0,2,0,0,3,0,0,5956820.114704568,147943730.07158846,230600000.0,134.73493871587442,0.0013715416967153002
1,0,1,0,0,0,1,1,1,1,1,0,0,0,0,0,0,0,0,3,0,0,6,0,0,0,0,0,0,0,0,60935016.32781532,79241497.28181171,503700000.0,0.0,0.061690769988052944
0,0,0,0,0,0,1,1,1,0,0,0,0,0,0,0,3,0,0,0,0,0,4,0,0,0,0,0,0,0,0,324427133.43422484,68694885.19668272,92100000.0,0.0,0.23730653805754928
0,0,0,0,0,0,1,1,1,0,0,0,0,0,0,0,2,0,0,0,0,0,4,0,0,0,0,0,0,0,0,373207303.6404093,63658582.779408514,92100000.0,0.0,0.2657826236260802
1,0,0,0,0,0,1,1,1,0,0,0,0,0,0,0,0,0,0,0,0,0,3,0,0,0,0,0,0,0,0,1276175258.8796084,24198032.45136138,176700000.0,0.0,1.4446378142921068
1,0,0,0,0,0,1,0,1,0,0,0,0,0,0,3,0,0,0,5,0,0,9,0,0,2,0,0,1,0,0,44032332.1977522,132388448.60701194,146000000.0,648.4525813681928,0.0030128893409878867
1,0,0,0,0,0,0,0,0,0,0,0,0,0,0,0,0,0,0,3,0,0,8,0,0,0,0,0,0,0,0,208340817.6150116,85127737.46365952,84600000.0,0.0,0.17302113177885592
0,0,1,0,0,0,0,0,0,0,0,0,0,0,0,0,0,0,0,2,0,0,8,0,0,0,0,0,0,0,0,378778303.3719736,80103453.57205722,84600000.0,0.0,0.2719869349397133
0,0,0,0,0,0,0,0,1,0,0,0,0,0,0,0,3,0,0,4,0,0,9,0,0,0,0,0,0,0,0,73496992.64041848,136259130.62516436,30700000.0,0.0,0.06421248605563683
0,0,1,0,0,0,0,1,1,0,0,0,0,0,0,0,0,0,0,3,0,0,7,0,0,0,0,0,0,0,0,167851885.91865954,82064261.30142266,146000000.0,0.0,0.15854081686146887
0,0,1,0,0,0,1,1,1,0,1,1,0,0,0,0,0,0,0,1,0,0,4,0,0,0,0,0,0,0,0,174723802.07957417,64648501.49407049,419100000.0,0.0,0.12615915513943005
1,0,1,0,0,0,0,0,1,0,0,0,0,0,0,0,0,0,0,4,0,0,10,0,0,1,0,0,0,0,0,37568525.32925278,103894394.27945897,199900000.0,0.0,0.028957006912260327
0,0,0,0,0,0,0,1,0,0,0,0,0,0,0,0,1,0,0,1,0,0,7,0,0,0,0,0,0,0,0,699717081.888174,105161584.78424853,30700000.0,0.0,0.4479112720463199
1,0,1,0,0,0,1,1,1,0,0,0,0,0,0,0,0,0,0,1,0,0,5,0,0,0,0,0,0,0,0,200273321.85519195,67043519.082373,261300000.0,0.0,0.14410198900373922
1,1,0,0,0,0,0,1,1,0,0,0,0,0,0,0,0,0,0,3,0,0,8,0,0,0,0,0,0,0,0,65205375.44466816,85127737.46365952,230600000.0,0.0,0.04568293407554179
0,0,1,0,0,0,1,1,1,1,0,0,0,0,0,1,1,0,0,4,0,0,8,0,0,2,0,0,0,0,0,15959997.109472495,130670592.81445403,297900000.0,341.2284708567732,0.004431725966828859
0,1,1,0,0,0,1,1,1,0,0,0,0,0,0,0,0,0,0,0,0,0,0,0,0,0,0,0,0,0,0,2473066693.7149343,0.0,261300000.0,0.0,3.026697170574079
0,0,0,0,0,0,0,0,0,0,0,0,0,0,0,1,3,0,0,7,0,0,10,3,0,1,0,0,2,0,0,31576421.871405866,227582257.70505956,0.0,587.2986994220865,0.012560520710794918
0,0,0,0,0,0,0,1,0,0,0,0,0,0,0,0,3,0,0,5,0,0,10,0,0,0,0,0,0,0,0,40351877.54656273,145916628.9546974,30700000.0,0.0,0.025352268916907096
0,0,1,0,0,0,0,0,1,0,0,0,0,0,0,0,0,0,0,5,0,0,10,0,0,0,0,0,0,0,0,76741191.51752649,103625123.3003211,115300000.0,0.0,0.04435333783431254
0,0,0,0,0,0,0,1,0,0,0,0,0,0,0,0,2,0,0,1,0,0,7,0,0,0,0,0,0,0,0,381334236.1655684,109721886.9271887,30700000.0,0.0,0.2708070360502152
0,0,0,0,0,0,1,1,1,0,0,0,0,0,0,0,1,0,0,0,0,0,5,0,0,0,0,0,0,0,0,676170016.7949584,61493298.22477088,92100000.0,0.0,0.4239556333139063
0,1,0,0,0,0,0,0,0,0,0,0,0,0,0,0,0,0,0,0,0,0,8,0,0,0,0,0,0,0,0,1026903522.3837461,37285037.900559425,84600000.0,0.0,0.7156989825855352
0,0,0,0,0,0,1,0,1,0,0,0,0,0,0,0,2,0,0,0,0,0,0,0,0,0,0,0,0,0,0,2715690438.8803263,37255203.23710208,61400000.0,0.0,3.1900541679706462
0,0,0,0,0,0,0,0,0,0,0,0,0,0,0,0,1,0,0,1,0,0,8,0,0,0,0,0,0,0,0,907917389.1840965,108225060.94648542,0.0,0.0,0.5974505850185599
0,0,1,0,0,0,1,1,1,0,1,0,0,0,0,0,0,0,0,1,0,0,5,0,0,0,0,0,0,0,0,185051409.5414597,67043519.082373,297900000.0,0.0,0.12643385629281592
1,1,0,0,0,0,1,1,1,0,0,0,0,0,0,0,0,0,0,0,0,0,4,0,0,0,0,0,0,0,0,324427133.43422484,26403379.542306438,261300000.0,0.0,0.23730653805754928
1,0,1,0,0,0,0,1,1,0,0,0,0,0,0,0,0,0,0,7,0,0,10,0,0,0,0,0,0,0,0,19126475.120284043,117530470.64053047,230600000.0,0.0,0.008537067391685648
0,0,0,0,0,0,0,1,0,0,0,0,0,0,0,0,3,0,0,7,0,0,10,0,0,3,0,0,2,0,0,17289882.828418076,195853613.95917004,30700000.0,0.0,0.025688916785012696
0,1,1,0,0,0,1,1,1,0,1,1,0,0,0,0,0,0,0,4,0,0,7,0,0,0,0,0,0,0,0,24095546.63590338,87580135.33853345,503700000.0,0.0,0.019913295749462705
0,0,0,0,0,0,0,0,0,0,0,0,0,0,0,0,2,0,0,1,0,0,8,0,0,0,0,0,0,0,0,589395659.4683353,112785363.08942556,0.0,0.0,0.4202515748024302
1,0,1,0,0,0,1,0,1,0,0,0,0,0,0,2,0,0,0,7,0,0,10,0,0,3,0,0,3,0,0,0.0,156335404.3795185,230600000.0,0.0,0.0
0,0,1,0,0,0,1,1,1,0,1,1,0,0,0,0,0,0,0,0,0,0,3,0,0,0,0,0,0,0,0,563651828.2618871,24198032.45136138,419100000.0,0.0,0.522096308868871
0,0,0,0,0,0,0,0,0,0,0,0,0,0,0,0,2,0,0,1,0,0,7,0,0,0,0,0,0,0,0,681466150.3318027,109721886.9271887,0.0,0.0,0.5499839159534194
0,0,1,0,0,0,1,1,1,1,1,0,0,0,0,0,0,0,0,0,0,0,2,0,0,0,0,0,0,0,0,1631366810.769216,22167818.198803753,419100000.0,0.0,1.9082171945954638
0,0,0,0,0,0,0,0,0,0,0,0,0,0,0,0,3,0,0,7,0,0,10,4,0,3,0,0,3,0,0,23917972.81061377,235574189.41433874,0.0,0.0,0.03127693084409326
0,1,1,0,0,0,1,1,1,0,0,0,0,0,0,3,0,0,0,6,0,0,9,0,0,3,0,0,3,0,0,0.0,145459088.54967007,261300000.0,0.0,0.0
1,0,0,0,0,0,1,1,1,0,1,0,0,0,0,0,1,0,0,0,0,0,4,0,0,0,0,0,0,0,0,306209577.99509203,59098280.63646837,297900000.0,0.0,0.2148889230934039
0,0,0,0,0,0,0,0,1,0,0,0,0,0,0,0,3,0,0,6,0,0,10,3,0,3,0,1,2,0,0,12572823.111668872,229435673.63008612,30700000.0,0.0,0.013606947050150078
0,0,0,0,0,0,1,0,1,0,0,0,0,0,0,0,2,0,0,2,0,0,7,0,0,0,0,0,0,0,0,186638447.90753004,114295180.64692244,61400000.0,0.0,0.13408559010394777
0,1,0,0,0,0,1,1,1,0,0,0,0,0,0,1,1,0,0,3,0,0,8,0,0,2,0,0,0,0,0,35361338.19055521,125154718.77734324,176700000.0,758.5947281100384,0.00971001639569598
0,0,0,0,0,0,1,1,0,0,0,0,0,0,0,0,3,0,0,5,0,0,9,0,0,2,0,0,2,0,0,18851511.330865048,177220970.14286977,61400000.0,0.0,0.018528428440335778
1,0,1,0,0,0,0,1,0,0,0,0,0,0,0,0,0,0,0,4,0,0,10,0,0,2,0,0,0,0,0,36293508.742244326,104905674.1893145,199900000.0,0.0,0.02838361152184024
1,0,1,0,0,0,1,1,1,0,1,0,0,0,0,0,0,0,0,0,0,0,3,0,0,0,0,0,0,0,0,852945617.7654154,24198032.45136138,382500000.0,0.0,0.9246684580077116
0,0,1,0,0,0,1,1,1,0,0,0,0,0,0,1,1,0,0,3,0,0,7,0,0,3,0,0,0,0,0,43116783.989160284,123212570.09219263,176700000.0,900.2066413737957,0.013642700154596139
0,0,0,0,0,0,0,0,0,0,0,0,0,0,0,0,3,0,0,4,0,0,10,0,0,0,0,0,0,0,0,72184569.78041714,139865099.62416902,0.0,0.0,0.05606079875663289
1,0,1,0,0,0,1,1,1,0,0,0,0,0,0,0,0,0,0,0,0,0,3,0,0,0,0,0,0,0,0,1239785944.9086447,24198032.45136138,261300000.0,0.0,1.4256367453747012
1,0,0,0,0,0,1,1,1,0,0,0,0,0,0,0,0,0,0,3,0,0,8,0,0,2,0,0,0,0,0,71750652.16151899,92459817.6831813,176700000.0,0.0,0.04597333668322762
0,0,0,0,0,0,0,0,1,0,0,0,0,0,0,1,3,0,0,7,0,0,10,3,0,3,0,0,3,0,0,6239553.771027807,232488161.16672608,30700000.0,98.73515694247197,0.0030826700142015232
1,1,0,0,0,0,1,1,1,0,1,0,0,0,0,0,0,0,0,0,0,0,2,0,0,0,0,0,0,0,0,2124152990.118267,22167818.198803753,382500000.0,0.0,2.574965698166383
0,1,0,0,0,0,0,0,0,0,0,0,0,0,0,0,0,0,0,0,0,0,0,0,0,0,0,0,0,0,0,3324844934.8267517,0.0,84600000.0,0.0,3.8025282364104926
1,0,0,0,0,0,0,0,0,0,0,0,0,0,0,0,0,0,0,4,0,0,10,0,0,0,0,0,0,0,0,108573883.75138092,97573593.96979272,84600000.0,0.0,0.07506186767403834
1,1,0,0,0,0,1,0,1,1,1,1,0,0,0,2,0,0,0,5,0,0,8,0,0,3,0,0,0,0,0,2915743.762218667,105148548.52790676,594200000.0,102.85405383980714,0.00034417381726566907
1,0,1,0,0,0,1,1,1,0,1,1,0,0,0,0,0,0,0,0,0,0,4,0,0,0,0,0,0,0,0,301646391.7897419,26403379.542306438,503700000.0,0.0,0.21019758029594005
1,1,0,0,0,0,1,1,1,1,1,1,0,1,0,2,0,0,0,5,0,0,8,0,0,3,0,0,0,0,0,0.0,105148548.52790676,881000000.0,0.0,0.0
0,1,1,0,0,0,0,1,1,0,0,0,0,0,0,1,0,0,0,5,0,0,9,0,0,2,0,0,2,0,0,18851511.330865048,134929464.48849344,230600000.0,379.693893068413,0.00667023423852088
0,1,1,0,0,0,1,1,1,0,1,0,0,0,0,0,0,0,0,0,0,0,0,0,0,0,0,0,0,0,0,2468503507.509584,0.0,382500000.0,0.0,3.0220058277766153
1,0,1,0,0,0,1,1,1,0,0,0,0,0,0,1,0,0,0,5,0,0,9,0,0,2,0,0,2,0,0,8174194.275746169,134929464.48849344,261300000.0,180.00481919211362,0.0020866081111829684
0,1,1,0,0,0,1,1,1,0,0,0,0,1,0,2,0,0,0,6,0,0,9,0,0,2,0,0,3,0,0,970171.7474058005,144337761.0725838,517400000.0,38.77023973498818,7.029158486510645e-05
0,0,0,0,0,0,0,0,1,0,0,0,0,0,0,0,2,0,0,2,0,0,7,0,0,0,0,0,0,0,0,261590600.35757548,114295180.64692244,30700000.0,0.0,0.18601629809826334
1,0,0,0,0,0,1,1,1,0,0,0,0,0,0,0,0,0,0,3,0,0,7,0,0,1,0,0,0,0,0,80781114.54713252,88385061.6110889,176700000.0,0.0,0.05747085362614815
0,0,0,0,0,0,0,0,1,0,1,0,0,0,0,1,3,0,0,7,0,0,10,0,0,0,0,0,0,0,0,18257146.430309474,159821976.29490677,151900000.0,428.3317926533447,0.005000219484242519
0,0,0,0,0,0,1,1,0,0,0,1,0,0,0,0,3,0,0,6,0,0,10,0,0,0,0,0,0,0,0,12668465.636463502,152551629.464063,182600000.0,0.0,0.005575204959981385
0,0,0,0,0,0,0,0,0,0,0,0,0,0,0,0,2,0,0,0,0,0,0,0,0,0,0,0,0,0,0,3337235791.0619726,37255203.23710208,0.0,0.0,3.8120032530616177
0,0,0,0,0,0,0,1,0,0,0,0,0,0,0,0,3,0,0,4,0,0,10,0,0,0,0,0,0,0,0,54261787.25743339,139865099.62416902,30700000.0,0.0,0.036088221415605394
1,1,0,0,0,0,1,0,1,0,0,0,0,0,0,2,0,0,0,6,0,0,10,0,0,3,0,0,2,0,0,11622561.37976738,146291761.47395,230600000.0,453.85450442432324,0.0013423241538764305
0,0,0,0,0,0,1,1,1,0,1,0,0,0,0,1,3,0,0,5,0,0,9,0,0,2,0,0,1,0,0,3855803.576788633,174679954.26138824,213300000.0,84.92075879925197,0.0009847956600432734
1,0,1,0,0,0,1,1,1,1,1,1,0,0,0,0,0,0,0,3,0,0,7,0,0,0,0,0,0,0,0,28647339.962610334,82064261.30142266,624900000.0,0.0,0.021612082363969477
0,0,0,0,0,0,1,0,1,0,1,0,0,0,0,0,3,0,0,6,0,0,10,0,0,2,0,0,1,0,0,960771.504323298,184920923.76975852,182600000.0,0.0,0.00046185411111893354
0,0,1,0,0,1,1,1,1,1,1,1,0,0,0,0,0,0,0,0,0,0,0,0,0,0,0,0,0,0,0,2354380729.2470584,0.0,758100000.0,0.0,2.9427026715330857
0,1,0,0,0,0,1,0,1,0,0,0,0,0,0,0,0,0,0,4,0,0,9,0,0,0,0,0,0,0,0,84312700.38156351,93967624.97078806,146000000.0,0.0,0.04992570424355787
0,0,0,0,0,0,1,0,0,0,0,0,0,0,0,1,3,0,0,7,0,0,10,0,0,2,0,0,2,0,0,19261123.163603593,194732286.4820838,30700000.0,344.29186511251487,0.009586267682536554
0,0,0,0,0,0,0,0,0,0,0,0,0,0,0,2,3,0,0,6,0,0,10,3,0,1,0,0,2,0,0,42043460.425127134,220311910.87421575,0.0,1345.885462725153,0.006480045955720305
0,0,0,0,0,0,1,0,1,0,0,0,0,0,0,0,3,0,0,7,0,0,10,0,0,3,0,0,3,0,0,0.0,198626910.03389478,61400000.0,0.0,0.0
1,0,1,0,0,0,1,1,1,1,0,0,0,0,0,0,0,0,0,3,0,0,7,0,0,0,0,0,0,0,0,43181213.660579704,82064261.30142266,382500000.0,0.0,0.030051919228463717
1,1,0,0,0,0,1,1,1,1,1,1,0,1,0,1,0,0,0,4,0,0,8,0,0,0,0,0,0,0,0,8790221.357353084,90643611.50077033,881000000.0,188.06655123293132,0.002435328118903961
0,1,0,0,0,0,1,1,0,0,0,0,0,0,0,3,1,0,0,6,0,0,10,0,0,1,0,0,1,0,0,12281139.6356516,174313039.29968864,146000000.0,607.6379727751423,0.0008056673575537983
0,0,1,0,0,0,1,0,1,0,0,0,0,0,0,1,1,0,0,3,0,0,8,0,0,1,0,0,0,0,0,53331622.31868704,124143438.86748771,146000000.0,1143.8910967418376,0.014653661020793183
0,0,0,0,0,0,0,1,1,0,0,0,0,0,0,0,3,0,0,5,0,0,10,0,0,0,0,0,0,0,0,32242295.015153,145916628.9546974,61400000.0,0.0,0.01887103127656787
0,0,0,0,0,0,0,0,0,0,0,0,0,0,0,2,3,0,0,7,0,0,10,3,0,2,1,0,2,0,0,29454157.231597602,235353692.7003088,0.0,884.7626900939458,0.005350215425577909
0,1,1,0,0,0,1,1,1,1,1,0,0,0,0,0,0,0,0,0,0,0,2,0,0,0,0,0,0,0,0,1594977496.7982526,22167818.198803753,503700000.0,0.0,1.8892161256780584
1,0,1,0,0,0,0,1,0,0,0,0,0,0,0,0,0,0,0,4,0,0,10,0,0,0,0,0,0,0,0,54261787.25743339,97573593.96979272,199900000.0,0.0,0.036088221415605394
0,0,0,0,0,0,1,1,1,0,0,0,0,0,0,0,3,0,0,3,0,0,7,0,0,0,0,0,0,0,0,61085062.50434935,124355766.95579895,92100000.0,0.0,0.04560099921208776
0,0,0,0,0,0,1,1,1,0,0,0,0,0,0,0,3,0,0,6,0,0,9,0,0,2,0,0,3,0,0,3009715.1083176318,186629266.7269601,92100000.0,0.0,0.0014573081383699301
0,1,0,0,0,0,0,1,0,0,0,0,0,0,0,0,0,0,0,4,0,0,10,0,0,2,0,0,0,0,0,72682822.7132081,104905674.1893145,115300000.0,0.0,0.047384680439245694
1,0,0,0,0,0,1,1,0,0,0,0,0,0,0,0,0,0,0,2,0,0,8,0,0,0,0,0,0,0,0,169063122.65757176,80103453.57205722,146000000.0,0.0,0.11732782565925315
1,0,1,0,0,0,1,1,1,0,0,0,0,0,0,1,0,0,0,5,0,0,9,0,0,1,0,0,1,0,0,15427701.654819276,131377168.69715641,261300000.0,362.7389943142141,0.0032901636624728605
1,0,1,0,0,0,0,1,1,0,0,0,0,0,0,0,0,0,0,5,0,0,10,0,0,0,0,0,0,0,0,32242295.015153,103625123.3003211,230600000.0,0.0,0.01887103127656787
0,1,1,0,0,0,1,1,1,0,0,0,0,0,0,0,0,0,0,2,0,0,5,0,0,0,0,0,0,0,0,136671143.83240053,71616812.80210674,261300000.0,0.0,0.13502857169546775
0,0,0,0,0,0,0,1,1,0,0,0,0,0,0,0,3,0,0,2,0,0,7,0,0,0,0,0,0,0,0,137858277.7013455,119331483.06419665,61400000.0,0.0,0.10560950453541688
0,0,1,0,0,0,1,1,1,1,1,0,0,0,0,0,1,0,0,5,0,0,8,0,0,0,0,0,0,0,0,8951103.604151715,129390041.92546064,419100000.0,0.0,0.004919014549197727
1,0,1,0,0,0,1,1,1,1,1,0,0,0,0,0,0,0,0,2,0,0,7,0,0,0,0,0,0,0,0,61612570.90353061,77039977.40982035,503700000.0,0.0,0.0456637918935078
0,1,1,0,0,0,1,1,1,0,1,1,0,0,0,0,0,0,0,2,0,0,6,0,0,0,0,0,0,0,0,66371685.45517331,74217213.3902094,503700000.0,0.0,0.052098379707079985
0,1,1,0,0,0,1,1,1,1,1,0,0,0,0,0,0,0,0,0,0,0,3,0,0,0,0,0,0,0,0,527262514.29092336,24198032.45136138,503700000.0,0.0,0.5030952399514655
1,1,0,0,0,0,1,1,1,0,0,0,0,0,0,0,0,0,0,3,0,0,8,0,0,1,0,0,0,0,0,36636354.77756366,91448537.77332577,261300000.0,0.0,0.02754566315624225
0,0,1,0,0,0,1,1,1,0,0,0,0,0,0,0,0,0,0,2,0,0,7,0,0,0,0,0,0,0,0,114648645.27615546,77039977.40982035,176700000.0,0.0,0.07673195632845511
0,1,0,0,0,0,0,0,1,0,0,0,0,0,0,0,0,0,0,4,0,0,10,0,0,1,0,0,0,0,0,73957839.30021654,103894394.27945897,115300000.0,0.0,0.04795807582966578
1,0,0,0,0,0,1,0,0,0,0,0,0,0,0,0,0,0,0,2,0,0,7,0,0,0,0,0,0,0,0,249199744.1223548,77039977.40982035,115300000.0,0.0,0.1765412814471379
1,0,1,0,0,0,1,1,1,0,0,1,0,0,0,0,0,0,0,5,0,0,9,0,0,0,0,0,0,0,0,15563497.70892884,100019154.30131644,382500000.0,0.0,0.007848894348982654
1,0,1,0,0,0,1,1,1,1,1,0,0,0,0,0,0,0,0,3,0,0,7,0,0,0,0,0,0,0,0,34988469.96987958,82064261.30142266,503700000.0,0.0,0.026407730263414954
0,0,0,0,0,0,0,0,1,0,0,0,0,0,0,1,3,0,0,7,0,0,10,3,0,2,0,0,3,0,0,8874505.253060842,231366833.68963984,30700000.0,162.94221807727195,0.0035451765140543006
0,1,1,0,0,0,1,1,1,0,0,0,0,0,0,0,0,0,0,0,0,0,2,0,0,0,0,0,0,0,0,2128716176.3236175,22167818.198803753,261300000.0,0.0,2.5796570409638466
0,1,0,0,0,0,1,1,1,0,0,0,0,0,0,0,0,0,0,3,0,0,7,0,0,2,0,0,0,0,0,79506097.96012408,89396341.52094443,176700000.0,0.0,0.05689745823572806
0,0,1,0,0,0,1,1,1,0,0,0,0,0,0,0,0,0,0,3,0,0,8,0,0,1,0,0,0,0,0,73025668.74852744,91448537.77332577,176700000.0,0.0,0.046546732073647706
0,1,1,0,0,0,1,1,1,1,0,0,0,0,0,0,0,0,0,0,0,0,4,0,0,0,0,0,0,0,0,306209577.99509203,26403379.542306438,382500000.0,0.0,0.2148889230934039
0,0,1,0,0,0,1,0,1,0,0,0,0,0,0,0,0,0,0,6,0,0,9,0,0,0,0,0,0,0,0,55301585.266866,106654154.81068204,146000000.0,0.0,0.027551317354683087
0,0,1,0,0,0,1,1,1,0,0,0,0,0,0,0,0,0,0,2,0,0,5,0,0,0,0,0,0,0,0,173060457.8033643,71616812.80210674,176700000.0,0.0,0.15402964061287322
0,0,0,0,0,0,1,1,1,0,0,0,0,0,0,1,3,0,0,3,0,0,7,0,0,1,0,0,0,0,0,44391800.57616874,130676567.2654652,92100000.0,933.0512624811668,0.01384912249514737
1,1,0,0,0,0,1,0,1,0,0,0,0,0,0,0,0,0,0,5,0,0,9,0,0,0,0,0,0,0,0,37726678.04726326,100019154.30131644,230600000.0,0.0,0.026884867116495157
1,0,0,0,0,0,1,1,1,0,0,0,0,0,0,0,1,0,0,0,0,0,4,0,0,0,0,0,0,0,0,324427133.43422484,59098280.63646837,176700000.0,0.0,0.23730653805754928
1,0,1,0,0,0,0,1,1,0,1,0,0,0,0,0,0,0,0,6,0,0,9,0,0,0,0,0,0,0,0,18154976.337957658,106654154.81068204,351800000.0,0.0,0.013620107095088381
1,1,0,0,0,0,1,1,1,1,1,1,0,0,0,2,1,0,0,5,0,0,8,0,0,3,0,0,0,0,0,0.0,137843449.62206867,624900000.0,0.0,0.0
1,0,1,0,0,0,1,1,1,1,0,0,0,0,0,0,0,0,0,2,0,0,6,0,0,0,0,0,0,0,0,80824157.16293608,74217213.3902094,382500000.0,0.0,0.06294464711521808
0,0,0,0,0,0,1,0,1,0,0,0,0,0,0,0,3,0,0,3,0,0,8,0,0,1,0,0,0,0,0,53331622.31868704,133740043.42770207,61400000.0,0.0,0.04070461394664773
1,0,1,0,0,0,1,1,1,0,0,0,0,0,0,0,0,0,0,3,0,0,7,0,0,1,0,0,0,0,0,44391800.57616874,88385061.6110889,261300000.0,0.0,0.038469784708742696
0,0,0,0,0,0,1,1,1,0,0,0,0,0,0,0,3,0,0,2,0,0,7,0,0,0,0,0,0,0,0,78259331.3051917,119331483.06419665,92100000.0,0.0,0.057730887411049654
0,1,1,0,0,0,1,1,1,0,0,0,0,0,0,0,0,0,0,3,0,0,8,0,0,0,0,0,0,0,0,53329616.705744274,85127737.46365952,261300000.0,0.0,0.03467687765958732
0,1,1,0,0,0,1,1,1,1,1,1,0,0,0,0,0,0,0,0,0,0,2,0,0,0,0,0,0,0,0,991240645.9083393,22167818.198803753,624900000.0,0.0,1.1730572412050373
0,0,0,0,0,0,1,1,0,0,0,0,0,0,0,1,3,0,0,6,0,0,10,0,0,3,0,0,3,0,0,2960377.7055800376,191356563.203051,61400000.0,62.628370341818936,0.0008503450930333204
1,0,1,0,0,0,1,1,1,0,0,1,0,0,0,0,0,0,0,1,0,0,5,0,0,0,0,0,0,0,0,148662095.57049596,67043519.082373,382500000.0,0.0,0.10743278737541047
1,0,0,0,0,0,1,1,0,0,0,0,0,0,0,0,1,0,0,4,0,0,9,0,0,0,0,0,0,0,0,47923386.41059976,126662526.06494999,146000000.0,0.0,0.030924635326152417
0,1,1,0,0,0,1,1,1,0,1,0,0,0,0,0,0,0,0,2,0,0,5,0,0,0,0,0,0,0,0,108009223.08538267,71616812.80210674,382500000.0,0.0,0.0992245280608714
0,0,0,0,0,0,1,1,1,0,0,0,0,0,0,0,3,0,0,2,0,0,6,0,0,0,0,0,0,0,0,88411097.42709053,116508719.0445857,92100000.0,0.0,0.07161356541144767
0,1,1,0,0,0,1,0,1,0,1,1,0,0,0,1,0,0,0,5,0,0,9,0,0,0,0,0,0,0,0,14912616.38465365,100019154.30131644,473000000.0,348.7197294849501,0.003455084306253761
1,0,0,0,0,0,1,1,1,0,0,0,0,0,0,1,1,0,0,4,0,0,8,0,0,0,0,0,0,0,0,39800332.647217065,123338512.59493226,176700000.0,942.5479592384031,0.008826194781810657
0,0,0,0,0,0,1,1,1,1,0,0,0,0,0,0,3,0,0,6,0,0,9,0,0,0,0,0,0,0,0,12668465.636463502,148945660.46505833,213300000.0,0.0,0.005575204959981385
0,0,0,0,0,0,0,1,0,0,0,0,0,0,0,1,3,0,0,5,0,0,10,0,0,2,0,0,1,0,0,21725522.916433495,178285923.2603929,30700000.0,460.9682968088688,0.0061828792992136535
1,0,1,0,0,0,0,1,0,0,0,0,0,0,0,0,0,0,0,5,0,0,10,0,0,0,0,0,0,0,0,40351877.54656273,103625123.3003211,199900000.0,0.0,0.025352268916907096
1,1,0,0,0,0,1,1,1,0,0,0,0,0,0,0,0,0,0,4,0,0,8,0,0,0,0,0,0,0,0,39800332.647217065,90643611.50077033,261300000.0,0.0,0.02451720772725182
1,1,0,0,1,0,1,1,1,1,1,1,0,0,0,1,0,0,0,6,0,0,9,0,0,3,0,0,0,0,0,0.0,115107562.5072901,842700000.0,0.0,0.0
1,0,0,0,0,0,1,1,1,1,1,1,0,0,0,1,0,0,0,0,0,0,3,0,0,0,0,0,0,0,0,265391916.81282765,24198032.45136138,540300000.0,5183.104149009823,0.07290410077726062
0,0,1,0,0,0,1,1,1,0,1,0,0,0,0,0,0,0,0,1,0,0,4,0,0,0,0,0,0,0,0,220537352.18037176,64648501.49407049,297900000.0,0.0,0.17250214890587215
1,0,1,0,0,0,0,0,1,0,1,1,0,0,0,2,0,0,0,6,0,0,10,0,0,1,0,0,0,0,0,11180873.44699547,116580924.11935295,442300000.0,376.0024398161073,0.0017695070651508214
1,0,0,0,0,0,1,1,1,0,0,0,0,0,0,0,1,0,0,3,0,0,8,0,0,0,0,0,0,0,0,53329616.705744274,117822638.55782147,176700000.0,0.0,0.03467687765958732
1,1,0,0,0,0,1,1,1,0,0,0,0,0,0,0,0,0,0,3,0,0,8,0,0,2,0,0,0,0,0,35361338.19055521,92459817.6831813,261300000.0,0.0,0.026972267765822164
0,0,0,0,0,0,0,0,1,0,0,0,0,0,0,0,3,0,0,4,0,0,10,0,0,1,0,0,0,0,0,37568525.32925278,146185899.93383527,30700000.0,0.0,0.028957006912260327
0,0,1,0,0,0,1,1,1,0,0,0,0,0,0,0,1,0,0,3,0,0,7,0,0,1,0,0,0,0,0,44391800.57616874,121079962.70525083,176700000.0,0.0,0.038469784708742696
0,0,0,0,0,0,1,1,1,0,0,0,0,0,0,0,3,0,0,3,0,0,8,0,0,1,0,0,0,0,0,36636354.77756366,133740043.42770207,92100000.0,0.0,0.02754566315624225
0,0,0,0,0,0,1,1,1,0,0,0,0,0,0,1,3,0,0,6,0,0,9,0,0,3,0,0,3,0,0,0.0,187750594.20404634,92100000.0,0.0,0.0
0,0,1,0,0,0,1,0,1,0,0,0,0,0,0,0,1,0,0,3,0,0,8,0,0,3,0,0,0,0,0,53331622.31868704,126276046.25442952,146000000.0,0.0,0.04070461394664773
1,1,0,0,0,0,1,1,1,0,0,0,0,0,0,0,0,0,0,5,0,0,9,0,0,0,0,0,0,0,0,25220142.145838648,100019154.30131644,261300000.0,0.0,0.013315046160334514
0,0,0,0,0,0,1,0,0,0,0,0,0,0,0,1,3,0,0,7,0,0,10,1,0,1,0,0,2,0,0,15534149.0594122,222126591.92499977,30700000.0,330.4385509316775,0.004643335281781661
0,0,0,0,0,0,1,0,1,0,0,0,0,0,0,0,3,0,0,6,0,0,10,0,0,2,0,0,3,0,0,5956820.114704568,190235235.72596475,61400000.0,0.0,0.0038098380464313903
0,0,0,0,0,0,1,0,1,0,0,0,0,0,0,0,3,0,0,5,0,0,9,0,0,0,0,0,0,0,0,37726678.04726326,142310659.95569274,61400000.0,0.0,0.026884867116495157
0,0,0,0,0,0,0,0,0,0,0,0,0,0,0,0,3,0,0,3,0,0,10,0,0,0,0,0,0,0,0,138220470.84271154,134349225.58705822,0.0,0.0,0.10515016308549481
0,0,0,0,0,0,0,0,0,0,0,0,0,0,0,0,3,0,0,4,0,0,10,0,0,1,0,0,0,0,0,60310816.65443602,146185899.93383527,0.0,0.0,0.051082478627738834
0,0,1,0,0,0,1,1,1,1,1,1,0,0,0,0,1,0,0,0,0,0,5,0,0,0,0,0,0,0,0,192086799.7325664,61493298.22477088,540300000.0,0.0,0.1355857668498745
0,0,0,0,0,0,0,0,0,0,0,0,0,0,0,0,3,0,0,6,0,0,10,3,0,2,0,0,2,0,0,34537145.007481486,221323190.7840713,0.0,0.0,0.03970096118827656
1,0,1,0,0,0,1,1,1,0,1,0,0,0,0,0,0,0,0,1,0,0,4,0,0,0,0,0,0,0,0,184148038.20940804,64648501.49407049,382500000.0,0.0,0.15350107998846668
1,0,1,0,0,0,1,1,1,0,0,0,0,0,0,0,0,0,0,2,0,0,7,0,0,0,0,0,0,0,0,78259331.3051917,77039977.40982035,261300000.0,0.0,0.057730887411049654
0,1,0,0,0,0,1,1,1,0,0,0,0,0,0,0,0,0,0,5,0,0,8,0,0,0,0,0,0,0,0,55301585.266866,96695140.83129871,176700000.0,0.0,0.027551317354683087
0,0,1,0,0,0,1,1,1,1,1,1,0,0,0,1,0,0,0,0,0,0,0,0,0,0,0,0,0,0,0,2390770043.2180223,0.0,540300000.0,48843.20163327576,1.0662133465621766
1,1,0,0,0,0,1,1,1,1,0,1,0,0,0,0,0,0,0,0,0,0,0,0,0,0,0,0,0,0,0,2463940321.304234,0.0,503700000.0,0.0,3.0173144849791513
0,0,0,0,0,0,1,1,1,0,0,0,0,0,0,3,3,0,0,5,0,0,9,0,0,1,0,0,1,0,0,15427701.654819276,173668674.3515327,92100000.0,748.1491757730666,0.001096721220824287
1,0,1,0,0,0,1,1,1,0,0,0,0,0,0,0,0,0,0,2,0,0,6,0,0,0,0,0,0,0,0,88411097.42709053,74217213.3902094,261300000.0,0.0,0.07161356541144767
1,1,0,0,0,0,1,1,1,0,0,1,0,0,0,0,0,0,0,5,0,0,8,0,0,0,0,0,0,0,0,20961111.017264273,96695140.83129871,382500000.0,0.0,0.015633944806646573
0,0,0,0,0,0,0,1,1,1,0,0,0,0,0,0,3,0,0,6,0,0,9,0,0,0,0,0,0,0,0,18154976.337957658,148945660.46505833,182600000.0,0.0,0.013620107095088381
0,0,1,0,0,0,1,1,1,1,1,1,0,0,0,1,1,0,0,0,0,0,4,0,0,0,0,0,0,0,0,192086799.7325664,59098280.63646837,540300000.0,4271.992712409659,0.04881087606595482
0,0,0,0,0,0,1,1,1,0,0,1,0,0,0,0,3,0,0,5,0,0,8,0,0,0,0,0,0,0,0,20961111.017264273,138986646.485675,213300000.0,0.0,0.015633944806646573
0,1,1,0,0,0,1,0,1,0,0,1,0,0,0,0,0,0,0,6,0,0,10,0,0,0,0,0,0,0,0,12668465.636463502,110260123.8096867,351800000.0,0.0,0.005575204959981385
0,0,0,0,0,0,1,0,1,0,0,0,0,0,0,1,3,0,0,6,0,0,10,0,0,0,0,0,0,0,0,22073580.126670975,152551629.464063,61400000.0,558.4349837901395,0.003920255027908959
0,1,1,0,0,0,1,1,1,0,0,1,0,0,0,0,0,0,0,2,0,0,7,0,0,0,0,0,0,0,0,75916882.123065,77039977.40982035,382500000.0,0.0,0.05620454446777176
0,0,1,0,0,0,1,1,1,1,0,1,0,0,0,0,1,0,0,0,0,0,4,0,0,0,0,0,0,0,0,301646391.7897419,59098280.63646837,419100000.0,0.0,0.21019758029594005
0,0,0,0,0,0,1,1,1,0,0,0,0,0,0,0,3,0,0,3,0,0,8,0,0,3,0,0,0,0,0,35361338.19055521,135872650.81464386,92100000.0,0.0,0.026972267765822164
0,0,1,0,0,0,1,0,1,0,0,0,0,0,0,0,1,0,0,6,0,0,10,0,0,0,0,0,0,0,0,22073580.126670975,142955024.90384865,146000000.0,0.0,0.010889597299747108
1,0,0,0,0,0,1,1,0,0,0,0,0,0,0,0,1,0,0,5,0,0,10,0,0,0,0,0,0,0,0,32242295.015153,136320024.39448303,146000000.0,0.0,0.01887103127656787
0,1,0,0,0,0,1,1,1,0,0,0,0,0,0,3,1,0,0,5,0,0,9,0,0,2,0,0,3,0,0,8174194.275746169,170397661.65738013,176700000.0,371.25993958373436,0.0006955360370609895
1,1,0,0,0,0,1,1,1,0,1,1,0,0,0,0,0,0,0,5,0,0,8,0,0,0,0,0,0,0,0,8951103.604151715,96695140.83129871,503700000.0,0.0,0.004919014549197727
1,1,0,0,0,0,1,1,1,0,1,0,0,0,0,3,0,0,0,5,0,0,10,0,0,3,0,0,1,0,0,2908304.7716584373,137115745.08310288,382500000.0,127.54937337810838,0.0002739875020572174
0,0,0,0,0,0,1,1,1,0,0,0,0,0,0,0,3,0,0,4,0,0,8,0,0,0,0,0,0,0,0,39800332.647217065,132935117.15514661,92100000.0,0.0,0.02451720772725182
1,1,0,0,0,0,0,1,1,0,1,0,0,0,0,0,0,0,0,5,0,0,9,0,0,0,0,0,0,0,0,21556056.059595965,100019154.30131644,351800000.0,0.0,0.012574340449555608
1,1,1,0,0,0,1,1,1,0,1,1,0,0,0,2,0,0,0,6,0,0,8,0,0,1,0,0,0,0,0,2661528.7178644408,109650941.65033054,588300000.0,112.97097113837049,0.0001810572092269335
1,0,1,0,0,0,0,1,1,0,1,1,0,0,0,0,0,0,0,6,0,0,9,0,0,1,0,0,0,0,0,2661528.7178644408,112974955.12034829,473000000.0,0.0,0.00120704806151289
1,0,1,0,0,0,0,1,1,0,0,0,0,0,0,0,0,0,0,5,0,0,10,0,0,2,0,0,2,0,0,13367128.29875479,138535433.4874981,230600000.0,0.0,0.010514592600408488
0,0,0,0,0,0,1,1,1,0,1,0,0,0,0,3,3,0,0,3,0,0,7,0,0,1,0,0,0,0,0,35174904.0802174,130676567.2654652,213300000.0,1558.7957488520547,0.003202799881754227
1,0,1,0,0,0,1,1,1,0,0,0,0,0,0,1,0,0,0,6,0,0,9,0,0,0,0,0,0,0,0,19126475.120284043,106654154.81068204,261300000.0,495.9674396339155,0.003073344261006833
1,0,0,0,0,0,1,1,1,0,0,0,0,0,0,0,1,0,0,5,0,0,9,0,0,0,0,0,0,0,0,25220142.145838648,132714055.39547837,176700000.0,0.0,0.013315046160334514
0,0,0,0,0,0,1,1,1,1,0,0,0,0,0,1,3,0,0,5,0,0,9,0,0,0,0,0,0,0,0,15563497.70892884,142310659.95569274,213300000.0,394.20996738841967,0.0028256019656337553
0,1,1,0,0,0,1,1,1,1,0,1,1,0,0,0,0,0,0,0,0,0,3,0,0,0,0,0,0,0,0,486535620.97640115,24198032.45136138,759800000.0,0.0,0.45022307990979404
1,1,0,0,0,0,0,1,0,0,1,0,0,0,0,3,0,0,0,5,0,0,10,0,0,2,0,0,0,0,0,16375927.400934443,110957203.51984288,321100000.0,716.7365036148071,0.0015528102143579148
1,0,1,0,0,0,1,0,1,0,0,0,0,0,0,0,0,0,0,3,0,0,8,0,0,1,0,0,0,0,0,53331622.31868704,91448537.77332577,230600000.0,0.0,0.04070461394664773
0,0,0,0,0,0,0,1,1,0,0,0,0,0,0,2,3,0,0,6,0,0,10,0,0,1,0,0,1,0,0,12281139.6356516,183909643.85990298,61400000.0,489.1025349042338,0.0010070841969422482
0,0,0,0,0,0,1,1,1,0,0,0,0,0,0,3,3,0,0,5,0,0,10,0,0,3,0,0,3,0,0,6193375.560460879,184721562.6936854,92100000.0,271.84237375648854,0.0005819573514733741
0,0,0,0,0,0,0,0,0,0,0,0,0,0,0,0,3,0,0,4,0,0,10,3,0,1,0,0,0,0,0,56748233.01837638,180047151.06666654,0.0,0.0,0.04558205578696429
1,0,1,0,0,0,1,1,1,1,1,0,0,0,0,0,0,0,0,4,0,0,8,0,0,0,0,0,0,0,0,18879695.356163017,90643611.50077033,503700000.0,0.0,0.01253689242706283
0,0,1,0,0,0,1,0,1,0,0,0,0,0,0,1,1,0,0,5,0,0,9,0,0,0,0,0,0,0,0,37726678.04726326,132714055.39547837,146000000.0,872.616211930969,0.009678552161938256
1,0,0,0,0,0,1,1,1,0,0,0,0,0,0,0,1,0,0,6,0,0,9,0,0,0,0,0,0,0,0,19126475.120284043,139349055.904844,176700000.0,0.0,0.008537067391685648
1,1,0,0,0,0,1,1,1,1,1,1,0,0,0,3,0,0,0,5,0,0,7,0,0,0,0,0,0,0,0,8874603.571186531,93631664.66906184,624900000.0,395.3894567988668,0.0010847616667231917
1,0,1,0,0,0,1,1,1,0,1,1,0,0,0,0,0,0,0,4,0,0,7,0,0,1,0,0,0,0,0,18275905.526982374,93900935.64819969,503700000.0,0.0,0.017426073442203892
1,1,0,0,0,0,1,1,1,1,0,1,0,0,0,0,0,0,0,2,0,0,5,0,0,0,0,0,0,0,0,103672671.16392636,71616812.80210674,503700000.0,0.0,0.10126740201687051
0,0,0,0,0,0,1,1,1,0,0,0,0,0,0,2,3,0,0,6,0,0,9,0,0,0,0,0,0,0,0,19126475.120284043,148945660.46505833,92100000.0,823.3834447047425,0.0012805601087528475
0,0,0,0,0,0,1,1,1,0,0,0,0,0,0,1,3,0,0,6,0,0,9,0,0,2,0,0,2,0,0,11671898.782504976,183855970.65223536,92100000.0,283.0196198240122,0.0028958638060832867
1,0,1,0,0,0,1,1,1,1,1,1,0,0,0,2,0,0,0,0,0,0,1,0,0,0,0,0,0,0,0,2010030211.8557415,20299287.62732069,624900000.0,69090.19538654973,0.3743493812884281
0,0,0,0,0,0,0,1,0,0,0,0,0,0,0,1,3,0,0,5,0,0,10,0,0,1,0,0,1,0,0,29765862.996458925,177274643.35053736,30700000.0,665.8395876838397,0.007500558905456267
0,1,0,0,0,0,1,1,1,1,1,1,0,0,0,0,0,0,0,0,0,0,4,0,0,0,0,0,0,0,0,228476113.7035301,26403379.542306438,540300000.0,0.0,0.15458683576727997
0,1,1,0,0,0,1,1,1,0,0,1,0,0,0,1,0,0,0,6,0,0,9,0,0,0,0,0,0,0,0,12668465.636463502,106654154.81068204,382500000.0,332.52867314826506,0.002007073785593298
0,0,1,0,0,0,1,1,1,0,0,0,0,0,0,0,0,0,0,4,0,0,8,0,0,0,0,0,0,0,0,76189646.61818083,90643611.50077033,176700000.0,0.0,0.04351827664465728
1,0,1,0,0,0,1,1,1,1,1,1,0,0,0,2,0,0,0,0,0,0,0,0,0,0,0,0,0,0,0,2354380729.2470584,0.0,624900000.0,80833.71287820194,0.441405400729963
0,0,0,0,0,0,1,0,1,0,0,0,0,0,0,1,3,0,0,5,0,0,10,0,0,2,0,0,2,0,0,13367128.29875479,180826939.14187443,61400000.0,284.06548873910754,0.003785253336147055
1,1,0,0,0,0,1,1,1,0,0,0,0,0,0,1,0,0,0,5,0,0,9,0,0,3,0,0,3,0,0,6193375.560460879,138824088.04030448,261300000.0,131.80236303344896,0.0017458720544201224
0,1,0,0,0,0,1,1,1,1,0,0,0,0,0,1,1,0,0,4,0,0,8,0,0,1,0,0,0,0,0,18955171.356017247,129659312.9045985,297900000.0,418.165919488927,0.004918190530055278
0,0,0,0,0,0,0,0,0,0,0,0,0,0,0,0,1,0,0,0,0,0,0,0,0,0,0,0,0,0,0,3655757520.777734,32694901.0,0.0,0.0,3.9892022632777477
0,0,0,0,0,0,0,0,0,0,0,0,0,0,0,0,3,0,0,0,0,0,0,0,0,0,0,0,0,0,0,3288455620.8557878,42291505.0,0.0,0.0,3.7835271674930873
1,0,0,0,0,0,1,0,1,0,0,0,0,0,0,0,0,0,0,5,0,0,9,0,0,0,0,0,0,0,0,62734439.480005056,100019154.0,146000000.0,0.0,0.03333946283169883
0,0,0,0,0,0,0,1,0,0,0,0,0,0,0,0,0,0,0,0,0,0,5,0,0,0,0,0,0,0,0,3677817945.5334954,28798397.0,30700000.0,0.0,2.116688432443469
1,0,0,0,0,0,1,1,1,0,0,0,0,0,0,0,0,0,0,0,0,0,5,0,0,0,0,0,0,0,0,347162078.171406,28798397.0,176700000.0,0.0,0.23858133480827323
0,0,0,0,0,0,1,1,0,0,0,0,0,0,0,0,0,0,0,0,0,0,4,0,0,0,0,0,0,0,0,3578398666.262421,26403379.0,61400000.0,0.0,2.038946025008029
1,0,0,0,0,0,1,1,1,0,0,1,0,0,0,0,0,0,0,0,0,0,3,0,0,0,0,0,0,0,0,889334931.7363791,24198032.0,297900000.0,0.0,0.943669526925117
0,0,0,0,0,0,0,1,1,0,0,0,0,0,0,0,2,0,0,0,0,0,6,0,0,0,0,0,0,0,0,553219703.2115064,68654000.0,61400000.0,0.0,0.38257267956127955
1,0,1,0,0,0,0,1,1,1,1,0,0,0,0,0,0,0,0,4,0,0,8,0,0,0,0,0,0,0,0,24226770.360452287,90643611.0,473000000.0,0.0,0.01768350870444294
0,0,0,0,0,0,0,0,1,0,0,0,0,0,0,0,2,0,0,3,0,0,8,0,0,0,0,0,0,0,0,146666837.2593703,122382940.0,30700000.0,0.0,0.11413416599269019
0,0,0,0,0,0,0,0,0,0,0,0,0,0,0,0,2,0,0,0,0,0,8,0,0,0,0,0,0,0,0,1039294378.6189669,74540241.0,0.0,0.0,0.7251739992366606
0,0,0,0,0,0,0,0,0,0,0,0,0,0,0,0,2,0,0,2,0,0,8,0,0,0,0,0,0,0,0,391169159.60719424,117358656.0,0.0,0.0,0.28146195159083875
0,0,0,0,0,0,1,1,0,0,0,0,0,0,0,0,3,0,0,0,0,0,5,0,0,0,0,0,0,0,0,529349904.4704439,71089902.0,61400000.0,0.0,0.38657060019349193
0,0,0,0,0,0,0,0,0,0,0,0,0,0,0,0,3,0,0,0,0,0,7,0,0,0,0,0,0,0,0,1027653518.8765023,76513067.0,0.0,0.0,0.7490279409633387
0,0,1,0,0,0,1,1,1,0,0,0,0,0,0,0,0,0,0,1,0,0,5,0,0,0,0,0,0,0,0,236662635.8261557,67043519.0,176700000.0,0.0,0.16310305792114466
1,0,0,0,0,0,0,1,1,0,0,0,0,0,0,0,0,0,0,2,0,0,7,0,0,0,0,0,0,0,0,174247591.67230928,77039977.0,146000000.0,0.0,0.12461057345282234
0,0,0,0,0,0,0,0,0,0,0,0,0,0,0,0,2,0,0,3,0,0,9,0,0,0,0,0,0,0,0,192541032.74173465,125706954.0,0.0,0.0,0.14173253993992008
1,0,1,0,0,0,1,1,1,0,1,1,0,0,0,0,0,0,0,1,0,0,5,0,0,0,0,0,0,0,0,125825798.82261057,67043519.0,503700000.0,0.0,0.09091915002982798
0,1,0,0,0,0,1,1,1,0,0,0,0,0,0,0,0,0,0,3,0,0,8,0,0,0,0,0,0,0,0,89718930.67670806,85127737.0,176700000.0,0.0,0.05367794657699277
1,1,0,0,0,0,1,1,1,1,0,0,0,0,0,0,0,0,0,4,0,0,8,0,0,0,0,0,0,0,0,28368366.379307598,90643611.0,382500000.0,0.0,0.017698609776108605
0,1,1,0,0,0,1,0,1,0,0,1,0,0,0,3,0,0,0,5,0,0,9,0,0,2,0,0,1,0,0,8996877.338138502,132388448.60701194,351800000.0,394.32288351304453,0.0008493222969280384
0,0,0,0,0,0,1,0,0,0,0,0,0,0,0,1,3,0,0,6,0,0,10,2,0,2,0,1,2,0,0,13835349.527023697,225242387.83713377,30700000.0,264.9824241944805,0.005124832170285637
1,0,1,0,0,0,1,0,1,1,1,1,0,0,0,1,0,0,0,5,0,0,8,0,0,0,0,0,0,0,0,6438368.935645215,96695140.83129871,594200000.0,157.83196171079902,0.0013598744956299772
0,0,0,0,0,0,1,1,1,0,0,0,0,0,0,3,3,0,0,3,0,0,8,0,0,2,0,0,0,0,0,35361338.19055521,134751323.3375576,92100000.0,1564.601626726954,0.00323667213189866
1,0,1,0,0,0,1,1,1,1,1,1,0,0,0,3,0,0,0,4,0,0,7,0,0,0,0,0,0,0,0,11407939.471924622,87580135.33853345,624900000.0,535.8583571397305,0.0009428428369734499
0,0,0,0,0,0,1,1,1,0,0,0,0,0,0,0,3,0,0,5,0,0,9,0,0,0,0,0,0,0,0,25220142.145838648,142310659.95569274,92100000.0,0.0,0.013315046160334514
0,0,1,0,0,0,1,1,1,0,0,0,0,0,0,2,1,0,0,3,0,0,7,0,0,2,0,0,0,0,0,43116783.989160284,122091242.61510636,176700000.0,1494.4836819682157,0.005684458397748392
1,1,0,0,0,0,1,1,1,0,1,0,0,0,0,2,0,0,0,4,0,0,8,0,0,2,0,0,0,0,0,15959997.109472495,97975691.7202921,382500000.0,566.4925785708149,0.001846552486178692
0,1,1,0,0,0,1,0,1,0,1,1,0,0,0,1,0,0,0,5,0,0,9,0,0,1,0,0,0,0,0,8950953.786852855,106339954.61098269,473000000.0,190.49345230583992,0.002522936052588526
1,1,0,0,0,0,1,1,1,1,1,1,0,0,0,1,0,0,0,5,0,0,8,0,0,0,0,0,0,0,0,3610610.27811879,96695140.83129871,624900000.0,96.9436412783606,0.0005566235808920273
1,0,1,0,0,0,1,1,1,1,1,1,0,0,0,1,0,0,0,2,0,0,7,0,0,0,0,0,0,0,0,51190141.38948774,77039977.40982035,624900000.0,1109.7748113708933,0.01366486773546288
1,1,0,0,0,0,1,1,1,0,0,0,0,0,0,0,0,0,0,3,0,0,7,0,0,2,0,0,0,0,0,43116783.989160284,89396341.52094443,261300000.0,0.0,0.03789638931832261
0,0,1,0,1,0,1,1,1,1,1,1,1,0,0,1,0,0,0,0,0,0,3,0,0,0,0,0,0,0,0,207352270.46732888,24198032.45136138,1014200000.0,4585.580178161094,0.055945292776898144
1,1,0,0,0,0,1,1,1,1,1,1,0,0,0,0,0,0,0,2,0,0,5,0,0,0,0,0,0,0,0,77715630.77321503,71616812.80210674,624900000.0,0.0,0.07259463207486971
0,1,1,0,0,1,1,1,1,1,1,1,0,0,0,0,0,0,0,2,0,0,6,0,0,0,0,0,0,0,0,51190141.38948774,74217213.3902094,842700000.0,0.0,0.037957965931841336
1,1,1,0,0,0,1,1,1,1,1,1,0,0,0,4,0,0,0,0,0,0,3,0,0,0,0,0,0,0,0,229002602.84186393,24198032.45136138,709500000.0,12104.224859008356,0.022021238655664882
1,0,1,0,0,0,1,1,1,1,1,1,0,0,0,0,0,0,0,1,0,0,4,0,0,0,0,0,0,0,0,125755501.3886386,64648501.49407049,624900000.0,0.0,0.10189156781090145
0,1,0,0,0,0,1,1,1,0,0,0,0,0,0,1,2,0,0,5,0,0,9,0,0,1,0,0,1,0,0,15427701.654819276,168632371.93425852,176700000.0,362.7389943142141,0.0032901636624728605
0,1,1,0,0,0,1,1,1,0,1,0,0,0,0,1,0,0,0,5,0,0,9,0,0,2,0,0,1,0,0,3855803.576788633,132388448.60701194,382500000.0,84.92075879925197,0.0009847956600432734
1,0,1,0,0,0,1,1,1,0,1,1,0,0,0,0,0,0,0,1,0,0,4,0,0,0,0,0,0,0,0,138334488.10861042,64648501.49407049,503700000.0,0.0,0.1071580862220246
0,0,0,0,0,0,0,0,0,0,0,0,0,0,0,2,3,0,0,6,0,0,10,3,0,0,0,0,0,0,0,53253869.918868184,186412880.59689426,0.0,1840.9624809746344,0.00719283175681021
0,0,0,0,0,0,1,1,1,0,0,1,0,0,0,1,3,0,0,4,0,0,8,0,0,3,0,0,0,0,0,15959997.109472495,141388524.85175467,213300000.0,341.2284708567732,0.004431725966828859
0,0,0,0,0,0,1,1,1,0,0,0,0,0,0,2,3,0,0,3,0,0,7,0,0,3,0,0,0,0,0,43116783.989160284,132809174.652407,92100000.0,1494.4836819682157,0.005684458397748392
1,0,1,0,0,0,1,1,1,1,1,1,0,0,0,1,0,0,0,5,0,0,8,0,0,1,0,0,0,0,0,847968.5873332637,103015941.14096496,624900000.0,21.872624054422744,0.00013707959592154263
1,0,0,0,0,0,1,1,1,1,1,1,0,0,0,0,0,0,0,0,0,0,2,0,0,0,0,0,0,0,0,1027629959.879303,22167818.198803753,540300000.0,0.0,1.1920583101224427
0,0,0,0,0,0,1,1,1,1,0,0,0,0,0,1,3,0,0,4,0,0,8,0,0,1,0,0,0,0,0,18955171.356017247,139255917.46481284,213300000.0,418.165919488927,0.004918190530055278
0,0,0,0,0,0,0,1,0,0,0,0,0,0,0,0,3,0,0,4,0,0,10,0,0,2,0,0,0,0,0,36293508.742244326,147197179.8436908,30700000.0,0.0,0.02838361152184024
1,0,1,0,0,0,1,0,1,0,0,0,0,0,0,1,0,0,0,6,0,0,10,0,0,3,0,0,3,0,0,2960377.7055800376,149065057.54867473,230600000.0,62.628370341818936,0.0008503450930333204
1,1,0,0,0,0,1,1,1,0,0,1,0,0,0,0,0,0,0,3,0,0,7,0,0,1,0,0,0,0,0,35174904.0802174,88385061.6110889,382500000.0,0.0,0.02668999901461856
0,0,1,0,0,0,1,0,1,0,0,0,0,0,0,0,1,0,0,6,0,0,10,0,0,3,0,0,3,0,0,2960377.7055800376,181759958.64283666,146000000.0,0.0,0.0023620697028703345
1,0,1,0,0,1,1,1,1,1,1,1,0,0,0,0,0,0,0,0,0,0,1,0,0,0,0,0,0,0,0,2010030211.8557415,20299287.62732069,842700000.0,0.0,2.4956625419228535
1,0,1,0,0,0,0,0,0,0,0,0,0,0,0,0,0,0,0,4,0,0,10,0,0,0,0,0,0,0,0,72184569.78041714,97573593.96979272,169200000.0,0.0,0.05606079875663289
1,1,0,0,0,0,1,1,1,1,1,1,0,0,0,0,0,0,0,1,0,0,6,0,0,0,0,0,0,0,0,106611894.44748917,69643919.67047566,624900000.0,0.0,0.07703909889925006
1,1,0,0,0,0,1,1,1,0,1,1,0,0,0,0,0,0,0,5,0,0,8,0,0,7,0,0,0,0,0,2893426.7905379804,110956792.61279796,503700000.0,0.0,0.0022607033212215205
1,0,1,0,0,0,0,1,1,1,1,0,0,0,0,0,0,0,0,6,0,0,9,0,0,0,0,0,0,0,0,6070949.512806838,106654154.81068204,473000000.0,0.0,0.0026678510227850817
1,1,0,0,0,0,1,1,1,1,1,1,0,0,0,1,0,0,0,1,0,0,5,0,0,0,0,0,0,0,0,106611894.44748917,67043519.082373,624900000.0,2341.706374388873,0.02773407560373002
0,0,0,0,0,0,1,0,0,0,0,0,0,0,0,3,3,0,0,6,0,0,10,3,0,2,0,0,3,0,0,14550185.191749344,224096486.85879603,30700000.0,579.665438510198,0.001746136951957751
1,0,1,0,0,0,1,1,1,0,1,1,0,0,0,1,0,0,0,5,0,0,8,0,0,1,0,0,0,0,0,5541682.809209319,103015941.14096496,503700000.0,129.50504813975147,0.0012449561716531927
0,1,0,0,0,0,0,0,0,0,0,0,0,0,0,0,0,0,0,4,0,0,10,0,0,1,0,0,0,0,0,96700130.6253998,103894394.27945897,84600000.0,0.0,0.07008354754514429
1,0,1,0,0,0,1,1,1,1,1,1,0,0,0,0,0,0,0,3,0,0,6,0,0,0,0,0,0,0,0,38804429.32387802,79241497.28181171,624900000.0,0.0,0.03550573716804098
0,1,0,0,0,0,1,1,1,1,1,1,0,0,0,2,1,0,0,5,0,0,9,0,0,3,0,0,0,0,0,0.0,141167463.0920864,540300000.0,0.0,0.0
1,1,0,0,0,0,1,1,1,1,0,0,0,0,0,1,0,0,0,4,0,0,8,0,0,1,0,0,0,0,0,18955171.356017247,96964411.81043658,382500000.0,418.165919488927,0.004918190530055278
1,0,1,0,0,0,1,0,0,0,0,0,0,0,0,2,0,0,0,5,0,0,10,0,0,2,0,0,1,0,0,21725522.916433495,135994417.6060166,199900000.0,765.2793989990985,0.002576199708005689
1,1,0,0,0,0,1,1,1,1,1,1,0,0,0,0,0,0,0,0,0,0,4,0,0,0,0,0,0,0,0,192086799.7325664,26403379.542306438,624900000.0,0.0,0.1355857668498745
